respondent_id,age,gender,education,household_size,annual_income_eur,survey_date,hours_online_per_week,online_purchases_last_month,satisfaction_score,complaint_filed_after_survey
R0494,48.0,Male,High School,2.0,34800.0,2025-08-31,6.1,2.0,6,No
R0473,38.0,Non-binary,Bachelor,4.0,31000.0,2025-12-09,2.8,0.0,6,No
R0108,38.0,Female,Bachelor,1.0,25100.0,2025-06-15,4.3,1.0,7,No
R0559,26.0,Female,Bachelor,1.0,,2025-10-14,4.2,0.0,9,No
R0536,50.0,Female,Bachelor,1.0,84800.0,2025-04-27,7.1,3.0,8,No
R0384,26.0,Male,PhD,4.0,75000.0,2025-10-22,7.3,1.0,7,No
R0174,26.0,Female,High School,4.0,,2025-03-01,29.1,8.0,4,Yes
R0492,47.0,Male,PhD,1.0,32800.0,2025-02-08,12.7,0.0,7,No
R0435,54.0,Male,Master,3.0,97900.0,2025-07-06,23.4,10.0,5,Yes
R0395,51.0,Male,High School,2.0,32300.0,2025-03-28,12.0,2.0,4,Yes
R0198,37.0,Male,Bachelor,2.0,89500.0,2025-02-05,13.8,2.0,6,No
R0001,46.0,Male,High School,2.0,41600.0,2025-02-24,31.8,6.0,5,Yes
R0431,,Female,Bachelor,3.0,36200.0,2025-04-21,8.4,4.0,7,No
R0024,40.0,Female,Bachelor,3.0,46900.0,2025-12-23,18.0,3.0,5,Yes
R0484,50.0,Male,Master ,6.0,61200.0,2025-10-27,61.8,20.0,7,No
R0067,37.0,Female,Bachelor,5.0,,2025-08-26,6.3,3.0,4,No
R0361,40.0,Male,Bachelor,5.0,60900.0,2025-09-03,20.4,2.0,9,No
R0060,55.0,Male,High School,3.0,41100.0,2025-11-19,0.0,0.0,6,No
R0489,31.0,Female,Bachelor,5.0,60100.0,2025-02-21,6.9,2.0,3,Yes
R0573,45.0,Male,Bachelor,3.0,36000.0,2025-04-30,6.6,1.0,7,Yes
R0329,27.0,,Bachelor,1.0,92100.0,2025-07-26,11.4,2.0,7,No
R0173,36.0,Male,Bachelor,1.0,77000.0,2025-08-26,28.3,8.0,7,No
R0446,23.0,,Bachelor,4.0,58000.0,2025-02-07,37.1,7.0,6,No
R0093,36.0,Male,Bachelor,1.0,19200.0,2025-03-29,37.0,3.0,6,No
R0014,57.0,Female,Bachelor,4.0,250000.0,2025-05-19,27.1,5.0,5,Yes
R0365,40.0,Male,Bachelor,4.0,,2025-04-03,6.1,3.0,2,Yes
R0285,28.0,Female,High School,2.0,16000.0,2025-02-16,12.8,3.0,3,Yes
R0149,56.0,Female,Master,4.0,77500.0,2025-06-10,23.7,5.0,8,No
R0411,23.0,Female,Bachelor,3.0,31500.0,2025-09-19,10.4,3.0,5,No
R0379,63.0,Male,Master,1.0,62000.0,2025-04-16,14.8,2.0,8,No
R0348,50.0,Female,PhD,1.0,90000.0,2025-01-23,12.8,4.0,8,No
R0148,,Male,Bachelor,3.0,63000.0,2025-08-24,8.1,1.0,5,Yes
R0558,29.0,Male,Master,1.0,44500.0,2025-07-19,12.2,5.0,6,No
R0238,40.0,Female,Bachelor,4.0,73900.0,2025-05-10,15.5,2.0,6,No
R0383,21.0,Female,High School,2.0,40200.0,2025-10-15,5.0,2.0,7,No
R0554,68.0,Male,High School,1.0,55700.0,2025-12-07,16.4,5.0,6,No
R0466,36.0,Female,Master,2.0,51900.0,2025-03-10,10.6,3.0,6,No
R0083,37.0,Female,Master,4.0,110800.0,2025-01-05,14.5,7.0,6,No
R0180,46.0,M,Bachelor,1.0,89400.0,2025-06-15,14.4,5.0,8,No
R0048,45.0,Female,Bachelor,6.0,51600.0,2025-02-25,7.8,4.0,2,Yes
R0480,76.0,Male,High School,1.0,50400.0,2025-09-17,13.8,5.0,7,No
R0589,45.0,Male,Master,2.0,63400.0,2025-11-20,12.9,3.0,7,No
R0496,54.0,Male,Bachelor,3.0,38300.0,2025-01-13,15.2,4.0,4,Yes
R0305,41.0,Male,,4.0,35600.0,2025-12-09,5.8,1.0,7,No
R0532,30.0,Male,Master,1.0,92400.0,2025-01-10,19.0,9.0,8,No
R0544,40.0,Male,Bachelor,4.0,46300.0,2025-01-18,2.7,0.0,3,Yes
R0237,18.0,Male,Master,4.0,38200.0,2025-04-20,19.2,4.0,5,Yes
R0307,38.0,Female,Master,2.0,35100.0,2025-02-23,16.1,2.0,7,No
R0035,50.0,Male,Bachelor,2.0,72600.0,2025-06-28,13.9,3.0,6,No
R0050,43.0,Female,,3.0,76200.0,2025-03-20,26.5,4.0,7,No
R0224,28.0,Male,Bachelor,1.0,25200.0,2025-08-22,7.3,2.0,7,No
R0396,44.0,Male,Master,5.0,54600.0,2025-02-10,11.9,8.0,6,No
R0467,38.0,Female,PhD,3.0,31800.0,2025-12-24,39.2,4.0,9,No
R0261,39.0,Male,PhD,2.0,49300.0,2025-01-29,24.4,5.0,7,Yes
R0086,48.0,Female,PhD,6.0,48600.0,2025-05-04,52.0,14.0,6,No
R0163,70.0,female,Bachelor,2.0,65700.0,2025-06-23,5.1,0.0,7,No
R0160,27.0,Female,High School,6.0,67000.0,2025-08-28,13.0,8.0,5,Yes
R0439,,Female,master,3.0,117900.0,2025-12-13,6.5,3.0,8,No
R0091,51.0,M,High School,1.0,40200.0,2025-10-10,8.7,1.0,6,No
R0530,62.0,Male,Master,3.0,,2025-06-24,13.7,5.0,7,No
R0066,52.0,Male,High School,2.0,32000.0,2025-05-30,4.3,0.0,6,No
R0042,49.0,Female,Master,4.0,45000.0,2025-08-13,20.6,7.0,6,No
R0577,59.0,Female,Master,3.0,54100.0,2025-10-19,9.4,6.0,7,No
R0112,45.0,Female,PhD,1.0,65800.0,2025-12-02,25.0,7.0,10,No
R0121,29.0,Female,PhD,2.0,55000.0,2025-02-17,23.3,11.0,7,No
R0557,32.0,Male,,1.0,36000.0,2025-07-13,17.3,2.0,8,No
R0449,56.0,Male,Bachelor,5.0,79000.0,2025-04-10,7.6,2.0,4,Yes
R0551,47.0,Female,High School,4.0,46600.0,2025-04-28,6.6,1.0,5,Yes
R0063,44.0,Male,Master,5.0,114100.0,2025-01-26,35.3,7.0,7,No
R0089,48.0,Female,Bachelor,5.0,105800.0,2025-02-01,10.7,3.0,5,Yes
R0453,67.0,Female,Master,2.0,72300.0,2025-01-02,5.2,2.0,5,Yes
R0251,37.0,Female,Master,5.0,95600.0,2025-06-20,9.7,2.0,5,Yes
R0120,39.0,Non-binary,PhD ,2.0,18400.0,2025-12-19,28.9,8.0,8,No
R0354,53.0,Male,Bachelor,3.0,56700.0,2025-05-09,11.5,2.0,7,No
R0018,,Male,PhD,1.0,,2025-10-07,15.7,4.0,8,No
R0188,26.0,Non-binary,High School,,57000.0,2025-02-17,19.2,3.0,6,No
R0061,20.0,,,,25300.0,2025-04-27,6.9,1.0,6,No
R0403,53.0,Male,High School,2.0,23500.0,2025-01-06,8.7,3.0,4,Yes
R0422,31.0,Male,Bachelor,1.0,58100.0,2025-02-11,18.5,6.0,8,No
R0290,41.0,Female,High School,6.0,37200.0,2025-01-02,11.9,1.0,6,No
R0510,48.0,female,Bachelor,,23300.0,2025-02-02,16.8,2.0,4,Yes
R0246,25.0,Female,High School,4.0,49300.0,2025-01-26,10.6,6.0,6,No
R0460,42.0,Male,Bachelor,6.0,47000.0,2025-06-24,9.6,1.0,5,Yes
R0030,48.0,Male,Bachelor,4.0,29800.0,2025-12-02,8.6,1.0,6,No
R0275,62.0,Female,Bachelor,3.0,62700.0,2025-08-29,15.9,4.0,5,Yes
R0438,28.0,Female,Bachelor,2.0,17700.0,2025-04-09,16.4,5.0,5,Yes
R0248,66.0,Male,High School,6.0,36400.0,2025-01-21,27.0,3.0,2,No
R0476,38.0,Male,MASTER,1.0,98500.0,2025-08-06,22.0,8.0,7,No
R0234,58.0,Female,,2.0,76700.0,2025-01-01,19.9,7.0,7,No
R0242,41.0,Male,Bachelor,,45200.0,2025-03-09,30.3,7.0,7,No
R0208,26.0,Male,Master,2.0,75700.0,2025-01-21,14.5,4.0,7,Yes
R0293,61.0,Male,Bachelor,1.0,65800.0,2025-08-17,10.9,1.0,9,No
R0334,29.0,Male,Bachelor,2.0,45900.0,2025-10-05,22.0,6.0,5,Yes
R0258,37.0,,Master,5.0,164200.0,2025-02-22,22.4,9.0,6,No
R0483,43.0,Female,High School,2.0,21600.0,2025-07-22,31.5,6.0,5,Yes
R0556,,Male,High School,4.0,60000.0,2025-12-08,2.3,0.0,7,No
R0459,46.0,Male,Bachelor,4.0,86400.0,2025-01-06,8.1,1.0,5,Yes
R0371,42.0,Female,Bachelor,2.0,47700.0,2025-01-28,8.7,1.0,4,Yes
R0186,62.0,Male,Bachelor,1.0,50500.0,2025-07-17,37.6,8.0,9,No
R0081,48.0,,High School ,3.0,57900.0,2025-02-05,6.2,1.0,5,Yes
R0364,28.0,Female,Bachelor,2.0,39200.0,2025-09-30,7.8,4.0,6,No
R0206,41.0,FEMALE ,Master,3.0,24800.0,2025-11-04,4.1,0.0,5,Yes
R0508,48.0,Female,High School,1.0,36000.0,2025-06-03,25.2,3.0,7,No
R0500,23.0,Male,High School,2.0,-5000.0,2025-02-04,17.7,6.0,5,Yes
R0287,45.0,Male,Bachelor,4.0,47400.0,2025-09-27,21.6,4.0,6,No
R0004,54.0,Male,Bachelor,3.0,,2025-09-15,31.3,7.0,7,No
R0136,29.0,Prefer not to say,Bachelor,3.0,56600.0,2025-03-13,16.7,6.0,7,No
R0010,31.0,Male,PhD,1.0,125400.0,2025-03-09,6.1,3.0,10,No
R0225,43.0,Female,high school,6.0,78200.0,2025-01-13,7.9,0.0,6,No
R0302,22.0,Female,Bachelor,1.0,38600.0,2025-01-22,6.0,1.0,5,Yes
R0196,30.0,Female,bachelor,1.0,23200.0,2025-11-25,4.5,0.0,6,No
R0534,48.0,Female,Bachelor ,2.0,37800.0,2025-12-11,8.3,1.0,7,No
R0338,46.0,Male,Bachelor ,1.0,87500.0,2025-12-01,24.5,2.0,8,No
R0594,21.0,,Master,3.0,19200.0,2025-12-11,6.9,0.0,7,No
R0458,31.0,Prefer not to say,Master,5.0,54600.0,2025-01-27,18.9,9.0,3,Yes
R0166,30.0,Non-binary,Bachelor,1.0,120600.0,2025-02-28,37.8,11.0,9,No
R0342,46.0,Female,Bachelor,5.0,,2025-12-05,11.0,2.0,6,No
R0586,68.0,FEMALE ,PhD,4.0,106400.0,2025-05-29,0.0,0.0,6,No
R0215,38.0,Male,High School,2.0,35600.0,2025-08-06,10.0,0.0,7,No
R0372,59.0,Female,bachelor,3.0,42800.0,2025-05-01,15.5,2.0,4,Yes
R0315,53.0,Male,,1.0,67000.0,2025-08-10,26.2,9.0,7,No
R0070,40.0,Male,High School,5.0,97000.0,2025-09-25,7.2,1.0,6,No
R0041,52.0,Female,PhD,3.0,82900.0,2025-08-10,4.0,1.0,8,No
R0412,18.0,Male,High School,2.0,43300.0,2025-04-28,24.6,7.0,7,No
R0519,54.0,Female,High School,4.0,49900.0,2025-07-19,10.0,1.0,4,Yes
R0219,40.0,Male,Bachelor,2.0,68400.0,2025-01-26,12.6,4.0,7,No
R0133,50.0,Female,Master,5.0,44800.0,2025-12-09,8.2,1.0,6,No
R0299,19.0,Male,PhD,3.0,34700.0,2025-10-29,18.8,7.0,7,No
R0006,25.0,Male,Master,5.0,137700.0,2025-08-14,0.0,0.0,8,No
R0161,29.0,Female,Bachelor ,2.0,48500.0,2025-01-02,3.1,1.0,5,Yes
R0375,49.0,Female,High School,2.0,26500.0,2025-07-16,10.9,2.0,5,Yes
R0039,31.0, Male,PhD,1.0,480000.0,2025-01-10,11.2,1.0,7,No
R0309,50.0,FEMALE ,Master,4.0,34300.0,2025-02-22,9.7,1.0,2,Yes
R0193,37.0,Male,Master,3.0,15900.0,2025-02-15,5.1,4.0,6,No
R0181,59.0,Female,Bachelor,1.0,78500.0,2025-01-23,21.7,6.0,6,No
R0068,36.0,Male,High School,2.0,62900.0,2025-03-08,7.8,1.0,7,Yes
R0125,53.0,Female,Master,4.0,69200.0,2025-04-07,14.7,3.0,5,Yes
R0040,50.0,Male,PhD,2.0,82800.0,2025-10-13,17.7,4.0,9,No
R0256,52.0,Male,Bachelor,2.0,47800.0,2025-12-18,12.8,2.0,7,No
R0430,47.0,Female,High School,2.0,51300.0,2025-11-17,24.8,7.0,6,No
R0517,51.0,Female,High School,4.0,104400.0,2025-09-23,8.3,2.0,6,No
R0579,39.0, Male,Bachelor,3.0,74500.0,2025-02-21,28.7,10.0,6,No
R0377,999.0,Female,PhD,2.0,48300.0,2025-01-13,16.5,3.0,7,No
R0404,,,Bachelor,4.0,47100.0,2025-02-18,14.9,6.0,6,No
R0319,55.0,male,Master,2.0,56600.0,2025-06-27,4.8,0.0,6,No
R0434,18.0,Male,,3.0,71900.0,2025-12-21,20.4,8.0,8,No
R0032,37.0,Male,Master ,4.0,56600.0,2025-04-01,10.9,3.0,4,Yes
R0201,46.0,Male,High School,1.0,29400.0,2025-04-11,16.4,4.0,5,Yes
R0096,,Male,Bachelor,2.0,52400.0,2025-02-11,10.2,1.0,7,No
R0440,48.0,Female,Master,2.0,310000.0,2025-06-28,28.1,6.0,4,Yes
R0346,18.0,Female,PhD,2.0,158800.0,2025-01-02,12.9,2.0,9,No
R0585,51.0,Female,High School,2.0,95600.0,2025-12-07,4.8,1.0,7,No
R0351,47.0,Female,Bachelor,3.0,101000.0,2025-12-25,8.8,2.0,6,No
R0075,44.0,,Master,2.0,47200.0,2025-07-13,20.0,7.0,6,No
R0308,59.0,Male,Bachelor,2.0,59000.0,2025-11-12,13.5,2.0,6,No
R0324,52.0,Male,Bachelor,4.0,76400.0,2025-05-22,44.9,10.0,7,No
R0062,38.0,Male,,2.0,68500.0,2025-05-17,15.3,0.0,6,No
R0418,59.0,Female,Master,3.0,72500.0,2025-12-02,8.0,1.0,7,No
R0260,24.0,Prefer not to say,High School,1.0,38600.0,2025-09-18,17.1,4.0,7,No
R0077,36.0,Female,High School,2.0,42100.0,2025-01-26,17.8,4.0,6,No
R0262,39.0,Female,Bachelor,2.0,44000.0,2025-08-08,7.2,1.0,6,No
R0316,38.0,Female,High School,2.0,40300.0,2025-01-10,13.8,4.0,6,No
R0294,18.0,Female,Bachelor,2.0,53700.0,2025-12-09,4.9,0.0,7,No
R0069,53.0,Non-binary,Master,2.0,56700.0,2025-02-22,18.7,5.0,7,Yes
R0552,49.0,Female,Master,2.0,48400.0,2025-01-27,21.5,3.0,5,Yes
R0597,35.0,Male,Master,1.0,99600.0,2025-09-11,6.3,0.0,8,No
R0005,18.0,Female,Master,4.0,80900.0,2025-09-19,16.8,8.0,7,No
R0202,60.0,Female,Master ,3.0,42600.0,2025-09-21,35.9,4.0,7,No
R0450,47.0,Female,master,4.0,57800.0,2025-07-26,9.3,3.0,4,Yes
R0506,35.0,Female,,6.0,,unknown,8.6,3.0,4,Yes
R0269,43.0,Female,Master,1.0,60100.0,2025-07-17,10.5,4.0,8,No
R0020,41.0,Male,MASTER,3.0,160900.0,2025-06-13,19.1,5.0,8,No
R0350,61.0,Female,High School,2.0,29200.0,unknown,8.0,0.0,5,Yes
R0567,40.0,Male,Bachelor,2.0,67700.0,2025-11-13,11.2,6.0,7,No
R0118,42.0,Male,High School,4.0,28300.0,2025-11-07,5.7,0.0,4,Yes
R0345,63.0,Female,Bachelor,1.0,30200.0,2025-02-01,27.1,10.0,4,Yes
R0079,50.0,Female,PhD,4.0,86700.0,2025-07-16,2.2,0.0,5,No
R0478,27.0,Female,High School,4.0,49100.0,2025-08-23,15.9,5.0,6,No
R0058,61.0,Female,Master,1.0,47800.0,2025-03-31,4.5,2.0,5,Yes
R0588,31.0,,High School,3.0,24200.0,2025-11-06,11.9,3.0,3,Yes
R0043,33.0,Female,Bachelor,6.0,30800.0,2025-11-12,20.8,7.0,4,Yes
R0335,42.0,Male,Bachelor,3.0,46900.0,2025-04-24,4.8,1.0,4,Yes
R0306,28.0,Male,Master,2.0,49100.0,2025-09-23,17.0,5.0,8,No
R0082,33.0,Male,High School,4.0,88600.0,2025-11-14,14.3,2.0,7,No
R0134,39.0,Female,Master,1.0,57100.0,2025-12-14,10.9,0.0,9,No
R0278,28.0,Female,Bachelor,1.0,28600.0,2025-09-17,16.9,3.0,6,No
R0482,61.0,Female,Bachelor,1.0,49000.0,2025-09-15,32.9,9.0,9,No
R0162,,Male,Master,4.0,51500.0,2025-06-14,14.9,6.0,5,Yes
R0362,47.0,Male,Master,2.0,28500.0,2025-02-23,16.2,0.0,5,Yes
R0292,44.0,Male,Bachelor,1.0,,2025-07-05,18.6,4.0,9,No
R0541,20.0,Male,Bachelor ,,51900.0,2025-01-31,18.6,5.0,7,No
R0537,35.0,Female,Bachelor,3.0,53200.0,2025-06-12,23.8,7.0,8,No
R0420,60.0,Female,bachelor,1.0,46200.0,2025-04-20,18.4,5.0,6,No
R0268,47.0,Male,High School,2.0,124800.0,2025-03-10,9.8,2.0,9,No
R0416,45.0,Female,Bachelor,,44300.0,2025-07-25,10.0,1.0,7,No
R0566,52.0,Female,Bachelor,2.0,83600.0,2025-09-27,20.1,6.0,7,No
R0397,52.0,Female,Bachelor,4.0,24600.0,2025-02-18,22.0,8.0,3,Yes
R0456,44.0,Female,Bachelor,2.0,,2025-09-12,6.6,1.0,3,Yes
R0190,63.0,Male,High School,1.0,50600.0,2025-09-09,12.3,7.0,6,No
R0140,80.0,Male,Bachelor,5.0,48300.0,2025-10-05,17.6,4.0,5,Yes
R0158,55.0,Male,Master,2.0,66800.0,2025-09-17,20.2,8.0,8,No
R0017,47.0,Male,High School ,4.0,32700.0,2025-09-03,6.6,1.0,5,Yes
R0587,27.0,Female,High School,4.0,-5000.0,2025-02-03,14.8,3.0,6,No
R0598,53.0,Female,Master,5.0,95000.0,2025-01-10,13.5,6.0,6,No
R0410,25.0,Female,Bachelor,2.0,103700.0,2025-05-10,1.4,0.0,6,No
R0122,44.0,Male,PhD,2.0,37800.0,2025-06-19,11.5,0.0,7,No
R0103,37.0,Male,Bachelor,1.0,41900.0,2025-07-16,14.2,5.0,9,No
R0053,23.0,M,High School,2.0,28300.0,2025-03-26,15.2,5.0,4,Yes
R0359,31.0,Male,Master ,2.0,40200.0,2025-12-22,8.6,4.0,6,No
R0436,34.0,Female,Master,5.0,,2025-07-21,11.7,1.0,5,Yes
R0147,34.0,Female,Master,3.0,133100.0,2025-09-17,8.0,0.0,7,No
R0580,47.0,,Bachelor,1.0,33700.0,2025-10-20,20.4,4.0,7,No
R0502,,Male,Master,2.0,45400.0,unknown,3.6,0.0,8,No
R0485,41.0,Female,Bachelor,1.0,62400.0,2025-03-07,8.5,6.0,8,No
R0575,44.0,Female,Bachelor,4.0,,2025-12-21,8.5,1.0,5,Yes
R0129,34.0,Male,,2.0,60400.0,2025-08-14,8.8,1.0,6,No
R0284,48.0,Prefer not to say,High School,2.0,44100.0,2025-01-15,22.8,5.0,5,Yes
R0448,38.0,Female,High School,2.0,20000.0,2025-04-23,29.1,9.0,5,Yes
R0426,37.0,Female,Bachelor,3.0,37600.0,2025-05-07,29.3,5.0,7,No
R0111,48.0,Male,Master,3.0,37300.0,2025-10-19,2.4,0.0,7,No
R0441,40.0,Female,Master,6.0,,2025-09-04,6.7,1.0,6,Yes
R0336,26.0,Prefer not to say,Bachelor,3.0,42100.0,2025-12-03,8.1,2.0,7,No
R0529,45.0,Female,Bachelor,1.0,40200.0,2025-11-11,16.2,3.0,6,No
R0360,40.0,Prefer not to say,High School,1.0,56800.0,2025-08-04,16.1,6.0,6,No
R0243,19.0,Male,PhD ,4.0,42300.0,2025-06-26,9.8,3.0,6,No
R0374,,Male,Bachelor,6.0,35300.0,2025-04-11,28.7,6.0,4,Yes
R0387,48.0,Female,Bachelor,3.0,28900.0,2025-06-20,5.6,0.0,4,Yes
R0143,,Male,Bachelor,1.0,31400.0,2025-01-22,14.8,4.0,6,No
R0474,44.0,Female,Bachelor,4.0,48800.0,2025-12-17,39.2,5.0,7,No
R0007,44.0,Prefer not to say,High School,4.0,107200.0,2025-11-29,7.7,4.0,7,No
R0296,44.0,Male,High School,1.0,62900.0,2025-04-04,14.0,3.0,6,No
R0012,52.0,Male,Bachelor,,28200.0,2025-08-20,10.3,1.0,3,Yes
R0591,26.0,Female,PhD,3.0,124300.0,2025-07-31,0.0,0.0,9,No
R0592,45.0,Female,Master,2.0,82900.0,2025-03-23,21.5,5.0,8,No
R0443,47.0,Female,Bachelor,,35100.0,2025-04-11,11.7,3.0,6,No
R0565,,Non-binary,High School,3.0,34400.0,2025-03-12,17.6,7.0,7,No
R0059,31.0,Female,Bachelor,2.0,22700.0,2025-03-02,13.3,4.0,6,No
R0533,36.0,Female,Bachelor,1.0,27100.0,2025-02-19,7.0,1.0,6,No
R0233,46.0, Male,,4.0,46500.0,2025-05-03,0.0,0.0,7,No
R0568,34.0,Male,Master,4.0,124400.0,2025-02-07,4.0,1.0,6,No
R0512,38.0,Female,High School,2.0,26700.0,2025-06-08,20.6,2.0,6,No
R0187,44.0, Male,MASTER,1.0,68000.0,2025-04-03,7.1,3.0,7,No
R0204,50.0,Female,High School,4.0,34700.0,2025-10-05,16.9,5.0,5,Yes
R0363,55.0,Male,High School,1.0,32000.0,2025-11-08,10.6,4.0,4,Yes
R0263,45.0,Male,High School,1.0,55800.0,2025-01-24,12.8,1.0,7,No
R0312,48.0,Male,PhD,5.0,49900.0,2025-04-16,16.1,5.0,5,Yes
R0003,52.0, Male,High School,1.0,,unknown,6.3,1.0,7,No
R0102,59.0,Male,High School,2.0,47900.0,2025-10-05,11.6,0.0,5,Yes
R0274,,Female,PhD,1.0,43800.0,2025-12-27,8.1,2.0,8,No
R0378,18.0,Male,Bachelor,1.0,30200.0,2025-10-05,19.8,6.0,7,No
R0520,63.0,Male,Bachelor,2.0,80800.0,2025-06-29,7.4,2.0,6,No
R0105,30.0,Female,High School,2.0,17000.0,2025-12-06,17.8,4.0,7,No
R0047,53.0,Male,,3.0,35800.0,2025-03-14,17.1,2.0,4,No
R0389,46.0,Female,Bachelor,5.0,81100.0,2025-04-18,8.2,0.0,7,No
R0376,72.0,Female,High School,1.0,29100.0,2025-10-24,7.6,0.0,4,Yes
R0380,36.0,Female,Bachelor,3.0,70800.0,2025-09-11,29.8,6.0,7,No
R0226,45.0,Female,High School,1.0,82100.0,2025-09-26,11.5,3.0,8,No
R0019,53.0,Male,bachelor,2.0,34400.0,2025-06-12,18.4,4.0,6,No
R0169,40.0,female,PhD,1.0,51200.0,2025-10-24,27.6,6.0,9,No
R0386,32.0,Male,Bachelor,3.0,,2025-09-05,12.0,3.0,6,No
R0393,36.0,Female,MASTER,4.0,53800.0,2025-03-03,13.1,3.0,7,No
R0429,24.0,Female,Bachelor,1.0,22900.0,2025-08-12,7.8,1.0,6,No
R0548,29.0,Female,High School,2.0,24000.0,2025-01-10,16.9,7.0,6,No
R0415,38.0,Male,Bachelor,1.0,26900.0,2025-12-12,0.0,0.0,6,No
R0286,36.0,Male,High School,4.0,,2025-11-13,10.8,2.0,6,No
R0094,41.0,Male,Master,3.0,23300.0,2025-03-23,13.9,2.0,5,Yes
R0214,36.0,Male,Bachelor,2.0,46600.0,2025-04-21,18.5,7.0,6,No
R0259,40.0,Male,Bachelor ,2.0,101000.0,2025-01-20,10.1,5.0,6,No
R0540,32.0,Male,Bachelor,1.0,52700.0,2025-12-31,30.1,7.0,7,No
R0107,30.0,Male,High School,,64900.0,2025-06-19,28.6,2.0,8,No
R0116,35.0,Female,PhD,1.0,57400.0,2025-12-01,20.3,5.0,8,No
R0560,30.0,Male,High School,1.0,35600.0,2025-08-14,6.0,3.0,7,No
R0442,46.0,Female,HIGH SCHOOL,2.0,25600.0,2025-01-14,12.2,3.0,5,Yes
R0437,35.0,,Bachelor,3.0,84900.0,2025-05-31,23.5,6.0,8,No
R0037,41.0,Female,Bachelor,5.0,64500.0,2025-10-29,13.1,2.0,7,No
R0347,999.0,F,MASTER,1.0,37400.0,2025-03-27,8.2,1.0,6,No
R0205,18.0,Male,Bachelor,2.0,62800.0,2025-07-28,16.1,4.0,8,No
R0245,70.0,Male,Bachelor,1.0,24400.0,2025-01-17,19.2,4.0,5,Yes
R0222,45.0,Male,Bachelor,2.0,42200.0,2025-10-29,12.0,2.0,7,No
R0247,28.0,Male,Bachelor,1.0,49100.0,2025-11-08,22.1,8.0,10,No
R0356,45.0,Female,PhD,,,2025-09-13,8.9,1.0,7,No
R0186,62.0,Male,Bachelor,1.0,50500.0,2025-07-17,37.6,8.0,9,No
R0250,,Male,High School,3.0,25300.0,2025-12-01,20.5,5.0,7,No
R0123,45.0,Female,Bachelor,2.0,73300.0,2025-11-26,11.4,3.0,8,No
R0522,30.0,Female,Master,4.0,,2025-06-27,11.3,5.0,4,Yes
R0165,53.0,Non-binary,Master,3.0,67600.0,2025-02-25,12.8,3.0,5,Yes
R0524,40.0,,Bachelor,2.0,68100.0,2025-12-19,10.0,2.0,8,No
R0570,44.0,Male,Master,4.0,36300.0,2025-02-01,6.3,3.0,4,Yes
R0240,35.0,Male,MASTER,1.0,77500.0,2025-02-15,10.5,3.0,8,No
R0428,64.0,Male,PhD,2.0,238700.0,2025-10-20,8.7,6.0,9,No
R0352,53.0,Male,High School,2.0,39400.0,2025-02-04,27.1,3.0,5,Yes
R0518,33.0,Male,Master,4.0,47100.0,2025-07-31,12.3,2.0,5,Yes
R0071,25.0,Female,bachelor,3.0,41100.0,2025-01-24,3.2,1.0,4,Yes
R0330,35.0,Female,Bachelor,5.0,44300.0,2025-02-26,8.7,4.0,4,Yes
R0099,47.0,Male,Master,5.0,57100.0,2025-04-21,36.3,5.0,5,Yes
R0582,27.0,Male,High School,3.0,36200.0,2025-08-09,26.2,12.0,6,No
R0595,25.0,Male,Bachelor,1.0,32800.0,2025-06-26,2.3,2.0,6,No
R0031,70.0,Female,Bachelor,2.0,92600.0,2025-10-16,20.7,6.0,8,No
R0381,43.0,Female,PhD,2.0,,2025-03-10,10.9,3.0,7,No
R0128,27.0,Male,Bachelor,2.0,,2025-05-23,18.0,4.0,7,No
R0002,28.0,Non-binary,High School,4.0,88400.0,2025-12-26,10.8,9.0,7,No
R0313,65.0,female,High School,1.0,33500.0,2025-04-17,15.9,6.0,6,No
R0028,47.0,Male,PhD,,,2025-08-23,14.5,6.0,7,No
R0090,48.0,Male,Bachelor,4.0,60000.0,2025-08-11,5.4,0.0,5,Yes
R0074,48.0,Male,High School,3.0,63500.0,2025-01-06,4.4,0.0,4,Yes
R0464,18.0,Female,High School,2.0,56500.0,2025-03-25,43.3,8.0,7,No
R0172,48.0,Female,Master,1.0,48600.0,2025-04-10,9.2,1.0,6,No
R0369,45.0,Female,Master,1.0,81600.0,2025-10-26,18.9,2.0,8,No
R0424,23.0,Female,Master,,56600.0,2025-07-23,10.7,2.0,7,No
R0340,50.0,Female,High School,5.0,17000.0,2025-08-26,17.5,3.0,3,Yes
R0092,41.0,Female,High School,3.0,75900.0,2025-04-08,11.1,1.0,9,No
R0553,46.0,Female,PhD,2.0,125000.0,2025-02-12,10.0,5.0,7,No
R0528,44.0,Non-binary,High School,1.0,34100.0,2025-07-01,16.3,2.0,7,No
R0126,,,Bachelor,2.0,65800.0,2025-01-31,11.9,3.0,8,No
R0593,66.0,Female,High School,3.0,,2025-01-25,21.2,8.0,6,No
R0013,43.0,female,Bachelor,3.0,40900.0,2025-11-24,20.6,4.0,9,No
R0454,69.0,Non-binary,,3.0,19500.0,2025-01-29,5.1,3.0,4,Yes
R0101,37.0,Non-binary,Master,1.0,83600.0,2025-10-27,15.4,3.0,8,No
R0401,40.0,Male,Master,2.0,46900.0,2025-07-07,18.7,4.0,7,No
R0239,28.0,Female,Bachelor,3.0,77200.0,2025-10-22,19.9,4.0,8,No
R0499,18.0, Male,Master,1.0,64500.0,2025-02-07,11.3,4.0,7,No
R0599,45.0,Female,Bachelor,3.0,25000.0,2025-01-30,13.4,3.0,3,Yes
R0578,,Male,PhD,4.0,37300.0,2025-09-16,12.9,4.0,5,Yes
R0144,45.0,Male,PhD,1.0,95400.0,2025-09-04,0.0,0.0,9,No
R0527,61.0,Male,Master,4.0,,2025-12-16,15.6,7.0,4,Yes
R0015,48.0,Male,Bachelor,4.0,48800.0,2025-03-28,0.0,0.0,7,No
R0576,23.0,Male,PhD,3.0,40000.0,2025-06-08,12.7,3.0,8,No
R0497,18.0,Male,Bachelor,1.0,68100.0,2025-01-13,15.2,4.0,7,No
R0209,,Male,Bachelor,3.0,47000.0,2025-01-27,18.1,4.0,5,Yes
R0132,24.0,Female,High School,2.0,31500.0,2025-03-04,13.4,6.0,7,No
R0175,25.0,Male,High School,3.0,65400.0,2025-12-02,21.1,6.0,7,No
R0452,47.0,Female,High School,3.0,,2025-01-16,17.4,4.0,6,No
R0192,40.0,Female,Bachelor,5.0,88600.0,2025-12-11,27.5,5.0,9,No
R0271,33.0,Male,Bachelor,5.0,59900.0,2025-10-20,19.1,6.0,5,Yes
R0366,61.0,Male,Master,,31100.0,2025-05-10,25.7,7.0,6,No
R0124,60.0,F,High School,4.0,32700.0,2025-01-18,19.2,7.0,4,Yes
R0139,68.0,Male,Master,1.0,28200.0,2025-09-15,27.1,3.0,6,No
R0052,50.0,female,Bachelor,5.0,90600.0,2025-04-09,12.9,1.0,7,No
R0511,22.0,Female,Master,2.0,63200.0,2025-02-18,16.8,4.0,8,No
R0113,34.0,Non-binary,High School,2.0,,2025-05-23,9.7,2.0,5,Yes
R0266,55.0,Male,High School,2.0,85800.0,2025-02-05,10.8,2.0,5,Yes
R0487,32.0,Prefer not to say,High School ,2.0,21400.0,2025-06-01,8.6,2.0,5,Yes
R0273,41.0,Male,Master,1.0,41600.0,2025-04-19,12.9,5.0,6,No
R0343,43.0,Male,Bachelor,1.0,58600.0,2025-11-06,15.0,3.0,8,No
R0257,48.0,Non-binary,Bachelor,3.0,58100.0,2025-12-11,22.4,7.0,7,No
R0507,73.0,Prefer not to say,High School,2.0,53300.0,2025-02-19,7.8,4.0,5,Yes
R0106,39.0,Male,,2.0,49800.0,2025-03-16,27.8,11.0,7,No
R0301,64.0,Female,Bachelor,2.0,55300.0,2025-01-10,14.1,2.0,6,No
R0432,48.0,Female,High School,5.0,57500.0,2025-06-22,8.7,3.0,5,Yes
R0427,52.0,Female,Master,1.0,73300.0,2025-04-13,18.4,5.0,8,No
R0241,31.0, Male,Bachelor,5.0,71300.0,2025-05-25,10.0,1.0,4,Yes
R0231,23.0,male,Bachelor,2.0,51600.0,2025-04-19,7.5,4.0,6,No
R0154,36.0,Female,Master,4.0,70200.0,2025-04-21,5.5,2.0,6,No
R0327,,Male,Bachelor,2.0,56100.0,2025-07-31,44.5,17.0,9,No
R0465,27.0,Male,High School,2.0,37300.0,2025-07-02,16.7,2.0,5,Yes
R0408,53.0,Female,High School,2.0,51200.0,2025-04-14,12.1,2.0,5,Yes
R0295,39.0,Female,High School,3.0,51500.0,2025-10-05,15.9,6.0,5,Yes
R0151,40.0,Female,Bachelor,4.0,,2025-01-09,11.7,2.0,4,Yes
R0423,34.0,Male,phd,4.0,57400.0,2025-11-18,7.9,3.0,6,No
R0164,31.0,Female,Bachelor,4.0,28500.0,2025-08-19,0.0,0.0,5,Yes
R0168,47.0,Male,Bachelor,2.0,43000.0,2025-09-03,9.3,3.0,5,No
R0495,38.0,Female,Bachelor,5.0,88700.0,2025-06-23,6.5,1.0,4,Yes
R0207,31.0,Male,Bachelor,3.0,117900.0,2025-07-25,6.2,0.0,6,No
R0189,24.0,Female,High School,3.0,48000.0,2025-08-16,25.6,6.0,5,Yes
R0407,40.0,Male,bachelor,3.0,62600.0,2025-03-30,11.6,4.0,4,Yes
R0325,66.0,Male,Bachelor,2.0,20800.0,2025-04-04,6.5,0.0,6,No
R0146,37.0,,HIGH SCHOOL,2.0,53400.0,2025-05-01,31.2,3.0,6,No
R0503,33.0,Female,Master,3.0,28500.0,2025-11-03,29.9,9.0,7,No
R0227,75.0,Male,PhD,1.0,43800.0,2025-01-25,18.8,11.0,7,No
R0217,49.0,Prefer not to say,PhD,4.0,87900.0,2025-06-20,0.0,0.0,6,No
R0501,60.0,Male,Bachelor,3.0,75600.0,2025-02-28,7.9,2.0,4,Yes
R0203,43.0,Female,PhD,2.0,125000.0,2025-07-04,13.4,5.0,7,No
R0299,19.0,Male,PhD,3.0,34700.0,2025-10-29,18.8,7.0,7,No
R0546,40.0,Male,Master,2.0,,2025-01-23,9.3,3.0,8,No
R0447,56.0,,Bachelor,3.0,83100.0,2025-10-23,3.6,0.0,4,Yes
R0505,18.0,Female,Bachelor,6.0,40100.0,2025-01-12,9.9,1.0,5,Yes
R0409,18.0,F,Bachelor,5.0,56800.0,2025-03-30,5.7,2.0,7,No
R0475,50.0,Male,Bachelor,1.0,114500.0,2025-04-25,11.3,5.0,9,No
R0176,44.0,Female,Master,4.0,48600.0,2025-05-02,29.3,12.0,5,Yes
R0550,51.0,male,High School ,2.0,30700.0,2025-08-07,14.1,3.0,5,Yes
R0095,20.0,Male,,5.0,63500.0,2025-03-24,24.6,9.0,10,No
R0230,38.0,Female,High School,1.0,68700.0,2025-11-10,14.0,6.0,8,No
R0405,49.0,Female,Bachelor,2.0,36700.0,2025-06-13,7.7,5.0,7,No
R0281,48.0,,High School,3.0,20000.0,2025-06-24,10.2,4.0,6,No
R0445,38.0,Male,Master,2.0,57200.0,2025-02-02,3.2,0.0,6,No
R0229,31.0,Female,Bachelor,5.0,79800.0,2025-02-23,19.6,1.0,4,Yes
R0101,37.0,Non-binary,Master,1.0,83600.0,2025-10-27,15.4,3.0,8,No
R0291,,Female,Bachelor ,5.0,109900.0,2025-01-14,28.8,6.0,6,No
R0545,39.0,,,1.0,23200.0,2025-12-03,12.7,1.0,6,No
R0367,32.0,Prefer not to say,High School,4.0,33400.0,2025-08-11,15.8,6.0,6,No
R0054,38.0,Male,high school,1.0,94600.0,2025-08-07,17.7,7.0,8,No
R0228,,Female,Bachelor,4.0,139200.0,2025-09-17,11.2,4.0,7,No
R0392,43.0,Male,Bachelor,3.0,87200.0,2025-06-26,14.1,1.0,4,Yes
R0590,63.0,Male,High School,,26800.0,2025-07-04,18.1,2.0,4,Yes
R0595,25.0,Male,Bachelor,1.0,32800.0,2025-06-26,2.3,2.0,6,No
R0155,41.0,Female,PhD,4.0,50800.0,2025-09-06,28.1,5.0,6,No
R0252,46.0,Male,Bachelor,2.0,37800.0,2025-04-24,12.2,2.0,6,No
R0276,47.0,Male,High School,2.0,69200.0,2025-09-03,1.3,0.0,6,No
R0159,36.0,Male,Bachelor,3.0,36700.0,2025-08-06,16.5,3.0,6,No
R0272,46.0,Female,Master,2.0,88900.0,2025-08-09,6.4,0.0,7,No
R0045,44.0,Female,Bachelor,2.0,53000.0,2025-06-18,14.8,1.0,7,No
R0404,,,Bachelor,4.0,47100.0,2025-02-18,14.9,6.0,6,No
R0114,23.0,Female,PhD,2.0,84800.0,2025-11-16,23.0,4.0,9,No
R0461,46.0,Prefer not to say,Bachelor,4.0,,2025-11-03,16.3,2.0,5,Yes
R0212,25.0,Male,High School,4.0,75500.0,2025-05-18,19.0,5.0,6,No
R0109,53.0,Female,Bachelor,2.0,37800.0,2025-09-30,24.4,6.0,7,No
R0321,52.0,Male,Bachelor,2.0,54200.0,2025-03-20,16.1,1.0,6,No
R0170,41.0,Male,Master,1.0,48000.0,2025-04-09,17.3,3.0,7,No
R0080,38.0,Female,Bachelor,2.0,68300.0,2025-09-22,14.4,5.0,7,No
R0051,46.0,Male,Bachelor,2.0,102600.0,2025-07-04,6.6,2.0,7,No
R0085,,,Bachelor,2.0,60400.0,2025-08-29,24.0,8.0,7,No
R0009,999.0,F,High School,2.0,29200.0,2025-04-21,10.5,3.0,6,No
R0033,35.0,Male,PhD,2.0,115000.0,2025-03-17,20.8,4.0,9,No
R0100,30.0,,Master,1.0,142100.0,2025-10-13,29.2,8.0,10,No
R0110,20.0,Female,High School,1.0,26300.0,2025-07-19,5.2,1.0,7,Yes
R0137,46.0,Female,BACHELOR,1.0,78900.0,2025-01-20,4.3,1.0,7,No
R0331,62.0,Female,Master,5.0,24200.0,2025-07-27,16.8,2.0,4,Yes
R0223,44.0,FEMALE ,PhD,3.0,,2025-05-29,5.6,1.0,7,No
R0029,47.0,Female,PhD,2.0,23300.0,2025-09-06,21.7,3.0,6,No
R0288,43.0,Male,High School,5.0,113900.0,2025-05-14,15.3,3.0,9,No
R0526,36.0,Male,High School,1.0,28100.0,2025-10-04,13.4,2.0,7,No
R0056,34.0,Male,Bachelor,1.0,81600.0,2025-06-11,16.0,5.0,9,No
R0157,,Male,High School,5.0,125400.0,2025-05-18,17.8,3.0,7,No
R0538,57.0,Male,Bachelor,4.0,33400.0,2025-04-04,18.5,9.0,6,No
R0549,51.0,Female,High School,4.0,40700.0,2025-06-22,11.8,0.0,5,Yes
R0311,57.0,Female,Bachelor,1.0,30000.0,2025-07-30,10.3,3.0,6,No
R0049,51.0,Female,,3.0,65900.0,2025-11-04,1.2,2.0,7,Yes
R0084,37.0,Female,Master,2.0,48800.0,2025-11-27,13.4,3.0,6,No
R0513,43.0,Female,Master,2.0,46200.0,2025-06-19,10.5,5.0,6,No
R0034,31.0,Male,High School,3.0,53400.0,2025-11-20,15.8,4.0,6,No
R0036,57.0,Female,Master,2.0,38500.0,2025-02-05,11.3,3.0,6,No
R0332,50.0,Non-binary,Bachelor,4.0,,2025-12-07,10.9,3.0,5,Yes
R0064,50.0,F,Bachelor,4.0,35600.0,2025-06-12,12.7,2.0,5,Yes
R0414,52.0,Female,Bachelor,2.0,90200.0,2025-11-24,23.6,4.0,7,No
R0385,21.0,Female,PhD,2.0,63900.0,2025-12-25,8.7,3.0,9,No
R0542,31.0,Male,High School,4.0,42600.0,2025-09-20,14.6,6.0,5,Yes
R0323,57.0,Male,High School,4.0,56800.0,2025-10-05,11.5,2.0,4,Yes
R0373,53.0,Female,Master,1.0,61400.0,2025-11-02,15.7,3.0,7,No
R0463,21.0,Non-binary,Master,4.0,102300.0,2025-01-24,14.0,2.0,5,Yes
R0235,33.0,Male,Bachelor,2.0,95800.0,2025-03-02,22.2,4.0,7,No
R0413,33.0,Female,,2.0,84900.0,2025-08-29,14.0,6.0,9,No
R0039,31.0, Male,PhD,1.0,480000.0,2025-01-10,11.2,1.0,7,No
R0344,47.0,Male,Master,3.0,89700.0,2025-06-02,26.2,5.0,7,No
R0046,45.0,Non-binary,Bachelor,1.0,59100.0,2025-08-14,7.2,0.0,7,No
R0425,30.0,Male,High School,2.0,46000.0,2025-04-19,1.7,0.0,6,No
R0304,38.0,Male,Master,3.0,43600.0,2025-01-30,5.7,1.0,5,Yes
R0539,18.0,Female,Bachelor,1.0,40200.0,2025-11-14,34.7,10.0,9,No
R0178,44.0,Male,Bachelor,5.0,30700.0,2025-05-01,8.0,2.0,4,Yes
R0220,33.0,Male,Master,1.0,57500.0,2025-01-24,5.2,0.0,7,No
R0531,37.0,Female,Master,1.0,31600.0,2025-02-18,13.1,8.0,7,No
R0297,46.0,Female,High School,4.0,30800.0,2025-10-25,12.6,5.0,3,Yes
R0022,33.0,Male,PhD,1.0,95800.0,2025-10-01,14.6,5.0,10,No
R0249,80.0,Female,Master,2.0,15200.0,2025-10-13,8.8,3.0,4,Yes
R0600,19.0,Female,Bachelor,1.0,58400.0,2025-03-30,11.4,1.0,7,No
R0421,43.0,Male,PhD,2.0,54100.0,2025-02-18,17.2,1.0,7,No
R0326,52.0,Male,High School,3.0,20800.0,2025-07-22,4.5,0.0,5,Yes
R0310,65.0,Male,Master,4.0,79400.0,2025-02-22,5.4,0.0,5,Yes
R0200,40.0,Male,Bachelor,4.0,59300.0,2025-01-16,20.1,3.0,3,Yes
R0451,40.0,Male,High School,2.0,40500.0,2025-03-13,27.5,6.0,5,Yes
R0138,53.0,Male,PhD,1.0,73400.0,2025-12-17,30.6,8.0,10,No
R0025,36.0,Female,bachelor,1.0,37000.0,2025-03-06,19.9,4.0,7,No
R0400,33.0,Male,PhD,3.0,41300.0,2025-02-06,21.7,7.0,5,Yes
R0444,59.0,Female,High School,1.0,,2025-10-21,10.5,3.0,7,No
R0185,48.0,Male,Bachelor,6.0,24700.0,2025-04-11,23.9,4.0,3,Yes
R0206,41.0,FEMALE ,Master,3.0,24800.0,2025-11-04,4.1,0.0,5,Yes
R0135,23.0,Male,Bachelor ,2.0,25300.0,2025-03-22,7.1,0.0,6,No
R0300,46.0,Female,PhD,1.0,74500.0,2025-03-05,5.1,1.0,8,No
R0117,45.0,Male,PhD,1.0,21000.0,2025-03-06,14.1,4.0,7,No
R0213,42.0,Male,Bachelor,6.0,44000.0,2025-01-06,14.0,4.0,6,No
R0589,45.0,Male,Master,2.0,63400.0,2025-11-20,12.9,3.0,7,No
R0596,36.0,Female,Master,1.0,78500.0,2025-04-11,6.6,1.0,8,No
R0561,41.0,Male,Bachelor,4.0,76200.0,2025-06-09,21.8,6.0,6,No
R0468,67.0,Male,Master,2.0,68600.0,2025-10-06,21.2,6.0,5,Yes
R0481,45.0,Female,Bachelor,4.0,37300.0,2025-07-27,25.8,8.0,5,Yes
R0232,34.0,Male,PhD,4.0,58300.0,2025-03-09,17.3,3.0,6,No
R0406,39.0,Female,Bachelor ,3.0,60500.0,2025-12-15,12.6,4.0,7,No
R0218,59.0,Female,High School,3.0,49800.0,2025-12-30,27.7,5.0,8,No
R0057,38.0,,,1.0,45700.0,2025-02-20,11.4,4.0,8,No
R0318,33.0,,High School,1.0,17200.0,2025-07-22,8.2,6.0,5,Yes
R0184,56.0,Male,High School,2.0,53200.0,2025-03-12,8.8,3.0,6,No
R0525,60.0,Female,PhD,5.0,61200.0,2025-05-16,8.3,2.0,7,No
R0523,59.0,Female,Bachelor,4.0,18300.0,2025-01-04,0.0,0.0,2,Yes
R0341,18.0,Male,bachelor,2.0,67400.0,2025-07-11,29.4,4.0,9,No
R0182,,Male,Bachelor,3.0,25800.0,2025-03-11,8.4,0.0,5,Yes
R0098,29.0,Male,Bachelor,1.0,28100.0,2025-08-29,4.1,0.0,8,No
R0115,43.0,Female,High School,2.0,62300.0,2025-03-03,21.8,4.0,7,No
R0398,45.0,Female,Master,6.0,,2025-07-09,16.9,4.0,4,Yes
R0486,40.0,Male,PhD,1.0,58000.0,2025-06-26,0.0,0.0,10,No
R0279,,Female,High School,2.0,24000.0,2025-07-24,11.0,3.0,6,No
R0433,40.0,Female,Master,1.0,58900.0,2025-02-14,6.7,2.0,6,No
R0119,63.0,Male,Master,1.0,100500.0,2025-05-23,11.2,2.0,8,No
R0021,40.0,Male,MASTER,4.0,65900.0,2025-05-23,12.8,3.0,8,No
R0171,,Female,High School,2.0,39600.0,2025-12-31,45.8,6.0,7,No
R0402,45.0,Male,Master,5.0,30900.0,2025-03-01,15.4,5.0,6,No
R0390,24.0,Non-binary,High School,2.0,16400.0,2025-08-25,40.6,10.0,7,No
R0564,32.0,Female,High School,1.0,,2025-01-24,36.3,4.0,5,Yes
R0055,36.0,Female,Master,2.0,45400.0,2025-10-20,13.6,4.0,7,No
R0177,63.0,male,High School,2.0,,2025-10-20,13.0,5.0,6,No
R0488,48.0,Female,High School,3.0,69200.0,2025-07-14,25.3,3.0,5,Yes
R0328,41.0,Male,Bachelor,2.0,37000.0,2025-02-04,5.2,0.0,6,No
R0195,28.0,Female,Bachelor,2.0,47400.0,2025-03-27,8.7,3.0,9,No
R0199,42.0,Male,Bachelor,3.0,,2025-09-10,15.5,4.0,6,No
R0471,47.0,,Bachelor,2.0,54000.0,2025-04-29,3.9,2.0,7,No
R0583,38.0,Non-binary,High School,2.0,45800.0,2025-03-15,16.6,5.0,6,No
R0571,23.0,Female,Master,1.0,59500.0,2025-10-16,5.9,1.0,6,No
R0353,35.0,M,Master,2.0,84100.0,2025-08-17,18.0,4.0,8,No
R0183,237.0,Female,Bachelor,1.0,74100.0,2025-09-07,11.3,3.0,7,No
R0267,44.0, Male,MASTER,5.0,54700.0,2025-01-25,33.8,16.0,5,Yes
R0355,56.0,Male,Bachelor,1.0,48600.0,2025-03-05,6.7,1.0,6,No
R0104,52.0,Female,Bachelor,2.0,42700.0,2025-04-26,5.2,1.0,6,No
R0221,39.0,Female,Bachelor,5.0,,2025-04-10,7.9,2.0,6,No
R0493,38.0,Male,High School,4.0,28000.0,2025-08-20,13.6,1.0,8,No
R0131,37.0,Male,Master,2.0,98500.0,2025-02-27,17.3,6.0,9,No
R0339,57.0,Male,Bachelor,1.0,47300.0,2025-09-28,0.0,0.0,7,No
R0521,29.0,male,Bachelor,2.0,47400.0,2025-03-28,14.0,4.0,6,No
R0490,51.0,Male,High School,6.0,32000.0,2025-04-29,26.1,6.0,6,No
R0194,61.0,Female,Bachelor,3.0,44300.0,2025-06-05,32.1,5.0,6,No
R0141,47.0,Male,High School,1.0,61900.0,2025-04-17,22.5,3.0,8,No
R0417,56.0,Female,Bachelor,3.0,94000.0,2025-09-18,41.9,11.0,8,No
R0477,56.0,Male,PhD,2.0,47000.0,2025-03-05,10.7,3.0,4,Yes
R0153,,Female,Bachelor,1.0,61900.0,2025-04-13,20.1,5.0,8,No
R0547,45.0,Male,Master,4.0,87000.0,2025-03-17,7.3,4.0,5,Yes
R0011,53.0,Male,High School,1.0,27600.0,2025-07-30,2.5,1.0,7,No
R0270,42.0,Male,PhD,4.0,143700.0,2025-01-28,4.5,2.0,7,No
R0097,25.0,Male,Bachelor,2.0,57000.0,2025-04-02,0.0,0.0,5,Yes
R0211,54.0,female,PhD,3.0,,2025-01-15,36.8,6.0,6,No
R0409,18.0,F,Bachelor,5.0,56800.0,2025-03-30,5.7,2.0,7,No
R0569,49.0,Female,Master,6.0,160000.0,2025-02-05,14.9,3.0,7,No
R0333,33.0,Female,Master ,2.0,16800.0,2025-07-16,19.5,1.0,5,Yes
R0076,51.0,Male,Master,2.0,56400.0,2025-12-18,10.6,2.0,6,No
R0078,44.0,Female,,1.0,30400.0,2025-10-25,4.3,3.0,6,No
R0264,,Female,Bachelor,1.0,48600.0,2025-09-10,16.6,7.0,6,No
R0150,44.0,Female,High School,1.0,,2025-03-10,22.4,2.0,8,No
R0515,52.0,Non-binary,High School,3.0,15600.0,2025-08-15,21.0,3.0,3,Yes
R0574,30.0,Female,Bachelor,2.0,,2025-01-05,12.9,1.0,7,No
R0470,29.0,Prefer not to say,,3.0,71500.0,2025-12-14,7.6,0.0,8,No
R0462,,Female,High School,4.0,35300.0,2025-05-04,7.9,1.0,4,Yes
R0254,29.0,Male,Bachelor,3.0,27300.0,2025-12-25,10.0,5.0,6,No
R0370,53.0,Male,High School,5.0,63800.0,2025-04-13,23.4,8.0,6,No
R0322,40.0,Male,Master,3.0,59400.0,2025-08-25,19.5,9.0,7,No
R0152,29.0,Female,PhD,3.0,45000.0,2025-12-09,18.7,3.0,9,Yes
R0303,53.0,Female,Bachelor,4.0,50500.0,2025-12-28,10.3,5.0,7,No
R0191,64.0,Male,Bachelor,5.0,99000.0,2025-09-25,5.3,2.0,6,No
R0349,21.0,Male,Master,5.0,27000.0,2025-03-19,13.5,1.0,4,Yes
R0244,23.0,,High School,1.0,30000.0,2025-05-02,8.1,1.0,8,No
R0088,42.0,Male,Bachelor,4.0,39000.0,2025-08-11,35.3,13.0,6,No
R0555,41.0,,,1.0,32000.0,2025-10-22,10.5,1.0,7,No
R0419,41.0,Male,Bachelor,3.0,55700.0,2025-10-15,18.4,4.0,7,No
R0289,38.0,Female,Bachelor,6.0,26400.0,2025-09-12,6.9,3.0,4,Yes
R0167,54.0,,Master,2.0,71100.0,2025-10-06,15.1,3.0,7,No
R0572,41.0,Male,High School,2.0,26100.0,2025-04-24,13.9,1.0,5,Yes
R0156,65.0,female,High School,2.0,27900.0,2025-04-04,20.1,5.0,6,No
R0357,45.0,Male,High School,4.0,39900.0,2025-12-21,4.2,0.0,6,No
R0382,59.0,Male,High School,5.0,44900.0,2025-02-20,0.0,0.0,2,Yes
R0280,45.0,,Bachelor,5.0,26800.0,2025-12-26,11.4,2.0,6,No
R0127,61.0,Male,Bachelor,2.0,116500.0,2025-04-28,18.3,3.0,7,No
R0023,58.0,Male,High School,2.0,35600.0,2025-03-18,23.0,2.0,7,No
R0283,54.0,Male,Bachelor,1.0,,2025-05-05,30.6,6.0,9,Yes
R0472,37.0,Male,Bachelor,1.0,149300.0,2025-02-21,16.1,2.0,8,No
R0368,31.0,Male,PHD,4.0,46400.0,2025-01-05,11.0,3.0,5,Yes
R0026,37.0,male,Bachelor,2.0,15400.0,2025-06-18,10.0,4.0,5,Yes
R0197,50.0,,High School,3.0,46300.0,2025-07-17,10.4,2.0,6,No
R0065,51.0,Male,HIGH SCHOOL,3.0,,2025-11-30,13.1,4.0,6,No
R0016,,Male,Master ,4.0,43000.0,2025-12-04,24.2,1.0,7,No
R0467,38.0,Female,PhD,3.0,31800.0,2025-12-24,39.2,4.0,9,No
R0298,37.0,Female,Master,3.0,85500.0,2025-06-29,21.7,1.0,8,No
R0337,33.0,Female,Bachelor,2.0,82900.0,2025-10-24,20.5,3.0,7,No
R0027,49.0,Male,Bachelor,,27500.0,2025-04-25,19.4,8.0,5,Yes
R0044,45.0,Female,Bachelor,2.0,29900.0,2025-06-30,11.5,3.0,5,Yes
R0498,38.0,female,Bachelor,4.0,40000.0,2025-04-11,8.8,4.0,5,Yes
R0516,46.0,,High School,2.0,49300.0,2025-09-20,10.3,3.0,6,No
R0143,,Male,Bachelor,1.0,31400.0,2025-01-22,14.8,4.0,6,No
R0562,46.0,Male,PhD,2.0,45400.0,2025-04-17,4.4,1.0,7,No
R0455,43.0,,High School,2.0,59400.0,2025-02-27,16.0,10.0,5,Yes
R0388,49.0,Male,Bachelor,2.0,51600.0,2025-03-13,18.7,5.0,8,No
R0072,27.0,Female,Bachelor,4.0,79900.0,2025-06-13,16.9,5.0,6,No
R0543,45.0,Male,Master,,56800.0,2025-05-03,13.6,4.0,7,No
R0457,56.0,Female,PhD,5.0,65800.0,2025-04-19,17.9,0.0,7,No
R0432,48.0,Female,High School,5.0,57500.0,2025-06-22,8.7,3.0,5,Yes
R0265,48.0,Female,High School,3.0,37100.0,2025-03-26,7.0,3.0,4,Yes
R0210,38.0,Male,PhD,4.0,,2025-10-11,3.0,1.0,7,No
R0317,43.0,Female,Master,4.0,72200.0,2025-03-31,10.2,2.0,6,No
R0514,41.0,Male,Master,1.0,61500.0,2025-05-09,28.5,10.0,10,No
R0314,48.0,Female,PhD,5.0,116700.0,2025-03-13,28.4,7.0,7,No
R0535,22.0,Male,Bachelor,4.0,121200.0,2025-06-23,4.5,1.0,8,No
R0320,,,Master,2.0,141700.0,2025-09-13,6.4,1.0,10,No
R0008,38.0,Female,Bachelor,1.0,,2025-01-02,10.8,2.0,8,No
R0394,48.0,Female,High School,1.0,56800.0,2025-06-10,6.9,2.0,7,No
R0142,29.0,Male,High School,1.0,,2025-08-22,21.7,9.0,7,No
R0087,36.0,Female,bachelor,3.0,51500.0,2025-01-03,16.7,5.0,6,No
R0479,42.0,Male,Bachelor,4.0,51100.0,2025-09-09,12.3,3.0,6,No
R0504,22.0,Female,Bachelor,3.0,27400.0,2025-08-22,15.9,6.0,5,Yes
R0216,55.0,Male,Bachelor,1.0,39300.0,2025-03-05,15.6,7.0,6,No
R0581,18.0,Female,Bachelor,1.0,180600.0,2025-07-20,12.0,2.0,9,No
R0563,43.0, Male,BACHELOR,6.0,38600.0,2025-06-27,9.8,1.0,4,Yes
R0399,49.0,Female,High School,,67800.0,2025-05-14,18.6,5.0,6,No
R0491,56.0,Female,Bachelor,1.0,45000.0,2025-12-15,15.1,5.0,8,Yes
R0253,64.0,Female,Bachelor,2.0,60000.0,2025-10-11,16.8,5.0,6,No
R0469,56.0,Female,Bachelor,2.0,23100.0,2025-05-06,6.7,3.0,5,Yes
R0358,46.0,Female,Bachelor,4.0,22900.0,2025-10-16,15.3,1.0,6,No
R0255,39.0,Female,Master,3.0,110100.0,2025-02-13,16.0,3.0,7,No
R0277,32.0,Non-binary,Bachelor,2.0,52000.0,2025-03-05,14.7,4.0,4,Yes
R0179,40.0,Male,High School,3.0,80700.0,2025-10-16,9.9,1.0,7,No
R0282,19.0,Female,PhD,2.0,67600.0,2025-09-05,12.8,4.0,10,No
R0391,18.0,Prefer not to say,,1.0,67300.0,2025-05-07,8.4,1.0,7,No
R0509,35.0,Male,Master,4.0,167800.0,2025-01-14,5.4,1.0,7,No
R0584,28.0,Female,Bachelor,2.0,,2025-11-06,25.2,9.0,5,Yes
R0130,30.0,Male,High School,3.0,22700.0,2025-04-05,16.5,3.0,4,Yes
R0145,31.0,Female,Master,3.0,65100.0,2025-07-31,11.3,2.0,6,No
R0073,30.0,Non-binary,Bachelor,3.0,53200.0,2025-04-26,8.3,2.0,6,No
R0236,33.0,Female,,4.0,55300.0,2025-08-07,28.2,4.0,8,No
R0038,31.0,Male,Bachelor,,,2025-08-25,10.3,2.0,9,No
